sentences	-0.009056739747555	95900	30
meanWordLength	0.919855865636263	95900	4.38285502794623
<INTERCEPT>	0.492201882751102	95900	1
wordscased	-2.97560929034951	95900	0.827205882352941
catGIiav	1.58377449662443	95898	0.358247422680412
catGIactive	-0.401766926849618	95896	0.335907335907336
catGIpowtot	0.001961271094396	95898	0.20440251572327
catGItimespc	-0.929632099766409	95891	0.180929095354523
catGIpassive	-1.45109372828953	95875	0.166015625
catGIpower	-3.98548398655885	95888	0.155339805825243
catGIpositiv	2.78297527932394	95893	0.140443505807814
catGInegativ	2.22058747179259	95889	0.128386716820548
catGIsocrel	4.57906350503356	95880	0.127167630057803
catGIovrst	-2.2469505359135	95900	0.11965811965812
catGIspace	1.43706520104079	95865	0.116914011102264
TAG_Null	-3.03842013957396	95900	0.116724738675958
catGImeans	-0.877694567958945	95867	0.106471816283925
catGIecon	-5.34685600473131	95825	0.104370643734509
catGIngtv	-2.4610545757857	95875	0.095833333333333
catGIaffil	-6.87715795259151	95887	0.095764272559853
catGIcom	2.19833492591752	95893	0.093587521663778
TAG_Preposition	3.16302548348517	95820	0.090643274853801
catGIhostile	-10.5132093318631	95875	0.087804878048781
TAG_Conjunction	-0.631324955305719	95799	0.057046979865772
catGIecon@	1.46181467589054	95679	0.05
catGIwlbtot	0.83251585784378	95737	0.04769606099908
catGIsubmit	-4.21575324114514	95741	0.046153846153846
catGItravel	1.16273442711392	95751	0.046023472738073
catGIpolit@	-12.7079847749602	94621	0.043290043290043
catGIif	9.13857663023658	95591	0.040540540540541
catGIrctot	2.11473780752365	95693	0.039701303891228
catGIvice	2.59104495122644	95592	0.03921568627451
catGIabs@	5.70166282209712	95428	0.033826638477801
catGIcausal	2.49963923629989	95514	0.033373799817606
catGIperceiv	-0.944376850666182	95525	0.033020561026155
catGIeval	-11.2470901002793	95335	0.030014720176556
catGIneed	-0.38013827150107	95384	0.0298769771529
catGIrcethic	8.1260248106716	95387	0.029850746268657
catGIrsptot	-21.1951805121499	95288	0.028571428571429
catGItime	2.54725070234089	95049	0.028409090909091
catGIwltoth	-4.62312299996244	94582	0.027522935779817
TAG_Auxiliary	-5.29752147070202	95588	0.027472527472528
TAG_Noun	-2.74684275918822	95777	0.025900545207241
catGIlegal	-7.37818342156364	94732	0.025773195876289
catGIritual	-4.28365798653109	94368	0.023166023166023
catGIpowcon	0.336360278282396	93767	0.02165479713125
TAG_Singular_Preposition	2.97171721833539	95446	0.019867549668874
catGIfetch	-0.853901803091611	94559	0.01985559566787
catGIindadj	8.68184169229883	94156	0.019607843137255
TAG_Gerund	3.1989547316163	95507	0.019295459174565
catGIptlw	-5.23761290387918	93608	0.019200415153088
catGInumb	-6.33586832028446	93656	0.018974004480722
catGIsocial	-10.0755224077217	92987	0.018099547511312
catGIskloth	-0.937859455970649	93331	0.017811704834606
catGIemot	1.5153570843924	93388	0.017391304347826
catGIfinish	1.10639890666138	93108	0.015625
catGIour	-6.81727974630738	88061	0.015537506975928
catGIexprsv	11.5174198486392	91563	0.015384615384615
TAG_Value	-14.4415916596373	93768	0.015299786436839
catGInegate	6.4724467812027	92734	0.015277777777778
catGIfreq	-1.0810597411777	92464	0.014430014430014
catGIincreas	2.16466871565403	91595	0.014218009478673
catGIpowloss	11.4576540124445	91716	0.013708114601459
TAG_Copula	2.66646410787423	94925	0.013615733736763
TAG_Conjunction_Infinitive	4.32813107641973	94373	0.013054830287206
TAG_Plural_Null	0.802198743119054	94005	0.012178970412031
TAG_PresentTense	5.99568540690615	93869	0.011583011583012
catGInegaff	4.55033283647632	89046	0.011140867830043
catGIpos	-19.0135775273482	90437	0.010921753842466
catGIcompare	9.49170267056565	89241	0.010752688172043
TAG_Determiner_ProperNoun	2.82359852995663	91970	0.010650257418505
catGIfail	9.22183717222673	89955	0.01063829787234
catGInotlw	-6.75660855414079	89124	0.010626992561105
catGIgoal	9.57643800486219	88749	0.010204081632653
catGIdim	2.98873030128423	87909	0.009756097560976
TAG_Plural_Preposition	6.14067881814119	92693	0.009615384615385
catGIpowauth	-23.487783453908	83460	0.009287925696594
catGIsay	-2.69306363757364	82311	0.009090909090909
catGIpain	-0.952794698557582	86555	0.008583690987124
catGIexch	4.81051245168691	85315	0.008223684210526
TAG_Verb	-1.15673004570954	92267	0.008073817762399
TAG_ProperNoun_ProperNoun_Null	-1.411818358395	89901	0.007751937984496
TAG_Singular_Singular	3.31067413972392	90660	0.007745423622162
TAG_Infinitive_Determiner	6.00943257569183	91853	0.007704160246533
wordsCASED	62.1470067604823	84986	0.0076726342711
TAG_ProperNoun_ProperNoun_ProperNoun	-1.11600540387979	88071	0.007587253414264
catGIaffoth	3.36770829951785	82792	0.007462686567164
catGIwlbloss	-12.5793507568744	84361	0.007425742574257
TAG_Null_Determiner	-0.735569708928846	90348	0.007411197969522
catGIenlpt	-13.5525799228067	80072	0.007010984257645
catGIrcgain	-23.1597720049124	84117	0.006787330316742
TAG_QuestionWord	7.01572317930854	90044	0.006479481641469
catGIrise	13.9043392400418	82580	0.006289308176101
catGIbodypt	-13.0095261202418	81262	0.00609756097561
catGIord	-10.4591169902823	81733	0.00599700149925
TAG_Determiner_Singular_Null	-0.094184188220878	89700	0.005968169761273
TAG_Noun_Null	-15.3098144453385	89012	0.005836575875486
TAG_Null_Pronoun	8.34495892436702	85236	0.00561797752809
TAG_Pronoun_Auxiliary	19.506203629804	87676	0.005603558065593
TAG_PastTense_Determiner	-2.64522469856437	87037	0.005494505494505
catGIyou	21.1511410408686	70304	0.005376344086022
catGIeval@	14.0742666077106	79097	0.005305039787798
catGIenlends	24.3340816487163	79330	0.005244755244755
TAG_Null_Singular	10.7480971890921	86134	0.005190311418685
TAG_Determiner_Plural	3.15142142784114	86256	0.005025125628141
catGImilit	6.49971097442408	73928	0.004975124378109
catGIyes	-1.58746920432401	77597	0.004807692307692
TAG_Null_Preposition	1.12042151652976	85015	0.004694835680751
catGIland	-5.11593787077558	74342	0.004549590536852
TAG_Negative	-21.5077518391012	83998	0.004341534008683
TAG_Infinitive_Null	-9.58145467689132	84186	0.004329004329004
catGIought	-11.628788293592	73618	0.004273504273504
catGIrsploss	-14.6386579960959	74966	0.004135466060374
TAG_Singular_Plural	-16.0587333217621	81967	0.004123711340206
TAG_PastTense_Null	-2.2041303674197	82128	0.004043126684636
catGIwltpt	-12.869639845847	69136	0.004016064257028
TAG_Preposition_Plural	-38.1396777654195	82717	0.004016064257028
TAG_ProperNoun_Null_ProperNoun	10.4119056593573	79763	0.00398406374502
TAG_Auxiliary_Auxiliary	13.8544995703714	83281	0.003921568627451
TAG_PastTense_Conjunction	-10.979994347866	83776	0.003843689942345
catGIsklpt	-27.6962234815517	69416	0.003759398496241
TAG_Conjunction_ProperNoun	11.7096967740253	80543	0.003638004858568
TAG_?	-16.5906465548613	80832	0.003436426116838
TAG_ProperNoun_Singular	7.73217421484437	78742	0.003426613363792
TAG_Pronoun_Infinitive	4.81715126175881	77047	0.00340348290845
TAG_Auxiliary_Gerund	22.4171859004195	81101	0.003401360544218
TAG_Gerund_Determiner	-6.02065909619073	81737	0.003246753246753
TAG_ProperNoun_Plural	-6.86907638808029	79702	0.003239740820734
catGIwlttran	-31.3410521367247	64888	0.003194888178914
TAG_Conjunction_Pronoun	-1.25438772630527	78268	0.003188097768332
TAG_Preposition_ProperNoun_Null	-5.63317028948134	77233	0.003095975232198
TAG_Value_Plural	-3.43471889062109	76941	0.003012048192771
TAG_Preposition_Value	-8.10764233668004	74979	0.00297619047619
TAG_Singular_Copula	-17.5652112602986	77880	0.002906976744186
TAG_Preposition_Gerund	-25.6632174164425	78469	0.002892960462874
TAG_Preposition_ProperNoun_ProperNoun	-3.77524588960553	76015	0.002873563218391
TAG_Copula_Determiner	0.385532463948209	77687	0.002857142857143
TAG_Conjunction_Infinitive_Determiner	0.406646190576929	78146	0.002833808915788
TAG_Adverb_Null	-10.8085366945813	76935	0.002832861189802
catGIfall	-6.8279732804078	61945	0.002525252525253
TAG_Singular_Preposition_ProperNoun	-3.4439964359009	73200	0.002518891687657
TAG_Adjective_Conjunction	36.1383007454794	74490	0.002439024390244
TAG_Auxiliary_PastTense_Preposition	67.0904447154753	74790	0.002352941176471
TAG_Gerund_Conjunction	-18.8717738598377	74475	0.002329192546584
TAG_Null_Gerund	-31.6196069224611	72213	0.002309468822171
TAG_Null_Adverb	-10.0113421589924	72240	0.002293577981651
TAG_Possessive_Plural	-1.18945544423409	71995	0.002257336343115
TAG_Singular_Singular_Null	1.93071248598135	72115	0.002247191011236
TAG_Singular_ProperNoun	6.62587445977246	71769	0.002237136465324
TAG_ProperNoun_Auxiliary	-19.2949451871794	70593	0.002213817932313
catGIroute	3.77624823820978	60002	0.002202643171806
TAG_Null_PastTense	10.6613638549908	70093	0.00219298245614
TAG_Preposition_Pronoun	34.7944145175469	70959	0.002155172413793
TAG_Adverb_PastTense	10.3727717144637	72026	0.002114164904863
TAG_Infinitive_Pronoun	-2.97623798676874	68483	0.002028397565923
catGIbldgpt	-20.117053269797	56826	0.002
TAG_Comparable_Null	-6.72575497318923	68277	0.001996007984032
TAG_Adjective_Determiner	-1.34825950839174	70229	0.001974333662389
TAG_Singular_PresentTense	18.1107238191019	68959	0.001956947162427
TAG_Singular_Conjunction_Infinitive	6.83169646058444	68710	0.001845018450185
catGIrcends	40.3944808018562	57230	0.001838235294118
TAG_Null_ProperNoun_Null	-0.0851151669706	64393	0.001834862385321
TAG_Null_Determiner_Singular	-1.98171047102717	65806	0.001747233546884
TAG_Pronoun_Null	27.0150612778266	64566	0.001724137931034
TAG_Determiner_Null	-43.6587568489949	65964	0.001706646455088
TAG_ProperNoun_ProperNoun_Preposition	-3.64579035722683	65293	0.001694915254237
TAG_Singular_Infinitive	-88.5378003798076	65222	0.001655433391953
TAG_ProperNoun_Null_Determiner	26.9705785441363	61997	0.001589404085042
TAG_Copula_Adverb	11.4807150301519	64159	0.001579778830964
TAG_PresentTense_Null	7.39323401148836	63286	0.001563721657545
TAG_ProperNoun_Preposition_ProperNoun	-27.2513108222618	61964	0.001492537313433
TAG_Comparative	15.6348913173164	61472	0.001478146942912
TAG_Infinitive_Conjunction_Infinitive	-23.3932041217819	62083	0.001457725947522
TAG_Plural_Infinitive	-3.203140855557	61524	0.00144581803952
TAG_Copula_Adjective	23.7560474540637	62752	0.001426533523538
TAG_Adjective_ProperNoun	4.70357552745182	61276	0.001404494382022
TAG_Adverb_Determiner	-62.6672072331462	61157	0.001383125864454
TAG_Singular_Null_ProperNoun	-2.60415898151217	59698	0.001317523056653
catGIrelig	11.7755694380776	51563	0.001314492419314
TAG_PastTense_Conjunction_Infinitive	-25.5476064660893	60579	0.001302757512468
TAG_PastTense_ProperNoun	-1.49834029566415	58818	0.001302224649085
TAG_QuestionWord_Pronoun	-6.62973153917859	59663	0.001285347043702
TAG_Singular_Null_Determiner	11.298868041277	59785	0.001279045037872
TAG_Value_Preposition	-18.0829285642645	59411	0.001273885350318
TAG_Singular_Conjunction_Singular	3.57005069484721	60263	0.00126742712294
TAG_Singular_Singular_Preposition	-45.5107430075623	59851	0.001251564455569
TAG_Determiner_Possessive	0.776721937636768	57981	0.001165501165501
TAG_Singular_Adverb	-18.3428331423786	58872	0.001150747986191
TAG_Plural_Preposition_ProperNoun	-4.09460342451079	58066	0.001149425287356
catGIipadj	-9.06057889838573	50828	0.001148105625718
TAG_ProperNoun_Conjunction_ProperNoun	13.8464103045642	56216	0.001083423618635
catGIpowdoct	-6.74769444933748	50116	0.001077586206897
TAG_Preposition_Comparable	24.7034160133662	56887	0.001070663811563
TAG_Preposition_Adverb	-44.0241472750872	56710	0.001031991744066
TAG_ProperNoun_ProperNoun_Conjunction	-36.692326783832	55708	0.001023017902813
TAG_ProperNoun_PresentTense	9.18701624815395	54781	0.000970873786408
TAG_ProperNoun_Copula	-17.6107061085757	54673	0.000964320154291
TAG_Conjunction_ProperNoun_ProperNoun	35.0730299990245	54287	0.000943544605815
TAG_Determiner_Copula	47.6007759849298	54212	0.00090991810737
TAG_Auxiliary_PastTense_Conjunction	-26.6419687761859	54917	0.000907441016334
TAG_Infinitive_Plural	3.07877822207603	53644	0.000904977375566
TAG_Determiner_Plural_Preposition	-12.4060710882518	53801	0.000892857142857
TAG_Preposition_Infinitive	-15.0736932822816	53827	0.000891265597148
TAG_Null_QuestionWord	-7.28398378536351	52228	0.000836820083682
TAG_Pronoun_Verb	4.0483521112653	52039	0.000787401574803
TAG_Null_Preposition_Determiner	-37.7996190881575	51049	0.000727272727273
TAG_Null_Possessive	-13.933097350182	49925	0.00064745879236
TAG_Null_Pronoun_PastTense	7.56451814226295	49317	0.000593824228029
TAG_Conjunction_Singular_Null	0.893031628052064	49778	0.000590115565725
TAG_Singular_Pronoun	-21.4104486420927	49613	0.000583260475385
TAG_Pronoun_Auxiliary_PastTense	20.6294261055737	48249	0.000360057614404
TAG_Auxiliary_PastTense_Determiner	1062.32681354856	48254	0.000310221995187
TAG_Possessive_PastTense_Comparable	-3187.61449064468	686	0
TAG_?_Value_Noun	-310.964840802325	702	0
TAG_?_Preposition_Adverb	817.939360859924	790	0
TAG_?_PresentTense_Null	-185.678523184266	813	0
TAG_Auxiliary_Verb_PastTense	-1794.70778782259	856	0
TAG_Particle_Pronoun_Infinitive	316.551055458894	874	0
TAG_ProperNoun_Comparable_Adverb	137.085078956175	882	0
TAG_ProperNoun_Pronoun_Plural	-314.636820722651	887	0
TAG_Infinitive_Infinitive_Comparable	-878.426858797318	956	0
TAG_?_Infinitive_Adjective	149.672355439161	990	0
TAG_Pronoun_Plural_ProperNoun	-664.262897747217	1073	0
TAG_Uncountable_Null_?	69.9228608737308	1153	0
TAG_?_ProperNoun_Conjunction	-289.452536838949	1287	0
TAG_Infinitive_Infinitive_PastTense	268.496252421067	1287	0
TAG_Singular_Pronoun_ProperNoun	93.8748640614656	1381	0
TAG_Pronoun_ProperNoun_Plural	31.6437547328928	1422	0
TAG_Infinitive_Pronoun_ProperNoun	244.284034305088	1545	0
TAG_Copula_Possessive_Plural	223.440932874425	1650	0
TAG_Plural_ProperNoun_Possessive	40.2822150130898	1724	0
TAG_Conjunction_Preposition_PastTense	63.8933467159758	1730	0
TAG_Adverb_Preposition_Negative	80.3054441599114	1734	0
TAG_QuestionWord_Copula_Possessive	92.8594107109093	1807	0
TAG_Infinitive_Gerund_Pronoun	47.187270256365	2017	0
TAG_Determiner_Determiner_Pronoun	449.750862337197	2074	0
TAG_?_PresentTense	-2375.65662982611	2096	0
TAG_Uncountable_Pronoun_Comparable	221.345259080857	2145	0
TAG_ProperNoun_?_Pronoun	304.05287385837	2153	0
TAG_Singular_QuestionWord_Auxiliary	358.773749985456	2154	0
TAG_?_Infinitive_Determiner	271.891605007744	2173	0
TAG_Plural_Plural_ProperNoun	166.635868719352	2253	0
TAG_Infinitive_QuestionWord_ProperNoun	-150.238076698653	2358	0
TAG_Verb_Null_Uncountable	95.4012563560097	2365	0
TAG_ProperNoun_QuestionWord_ProperNoun	124.331579624721	2409	0
TAG_ProperNoun_Plural_Pronoun	-240.449563794784	2470	0
TAG_Null_Uncountable_Uncountable	-342.7910807087	2510	0
TAG_Null_Uncountable_Pronoun	99.9599002842897	2621	0
TAG_Determiner_Pronoun_ProperNoun	132.848856262819	2967	0
TAG_Pronoun_Adjective_Plural	-316.328791838951	3031	0
TAG_Verb_Singular_Adverb	-257.443158811231	3084	0
TAG_PastTense_Null_Infinitive	-49.6971862931668	3099	0
TAG_Value_Null_Gerund	19.070745581929	3175	0
TAG_Comparable_Adverb_Null	-39.4635858068809	3447	0
TAG_Verb_Plural_Auxiliary	-129.417083906057	3476	0
TAG_Possessive_Value_Null	-0.349021730141322	3514	0
TAG_ProperNoun_Determiner_Value	-129.828507166717	3657	0
TAG_Singular_Auxiliary_Adjective	-29.9186121735725	3751	0
TAG_Copula_Value_Null	39.4341466639345	4033	0
TAG_Singular_Gerund_PastTense	-81.6188464525611	4096	0
TAG_Singular_Conjunction_Comparative	176.796707369158	4137	0
TAG_Modal_Adjective_Noun	-113.774482047294	4140	0
TAG_ProperNoun_PresentTense_Singular	-50.3668839920471	4213	0
TAG_?_Adjective_Adjective	52.6507782976193	4284	0
TAG_Copula_Noun	63.3869522507363	4429	0
TAG_Plural_ProperNoun_Plural	-14.764916575128	4437	0
TAG_?_Adjective_Noun	22.7873000803036	4626	0
TAG_Modal_Negative_Infinitive	-319.26651211743	4710	0
TAG_PastTense_ProperNoun_Uncountable	116.655271008607	4837	0
TAG_Determiner_Copula_QuestionWord	95.9286700329476	4893	0
TAG_Singular_?_Pronoun	56.8351277075444	5022	0
TAG_Determiner_Pronoun_Null	11.1413684723816	5225	0
TAG_QuestionWord_Auxiliary_Gerund	-238.635453561086	5275	0
TAG_Plural_Copula_Plural	44.4675991614126	5398	0
TAG_Value_Plural_ProperNoun	-48.6192092860758	5455	0
TAG_Determiner_Preposition_Plural	46.8854630427273	5466	0
TAG_Gerund_PastTense_Conjunction	-42.2177100317595	5587	0
TAG_Plural_Singular_Plural	157.764466973256	5618	0
TAG_PresentTense_Determiner_Pronoun	-5.1062406688425	5741	0
TAG_?_Value	27.4055862618148	5808	0
TAG_PresentTense_ProperNoun_Null	-178.082121268823	5827	0
TAG_Infinitive_Auxiliary_Infinitive	-18.3324225573028	5911	0
TAG_ProperNoun_QuestionWord_Pronoun	-110.404358841993	5966	0
TAG_Null_PresentTense_Preposition	-11.9858684025778	5994	0
TAG_Value_Null_QuestionWord	83.6649578915352	6021	0
TAG_Copula_Singular_Gerund	51.7034204562069	6107	0
TAG_Pronoun_Infinitive_QuestionWord	123.500789486504	6225	0
TAG_ProperNoun_ProperNoun_QuestionWord	-47.2991223588965	6243	0
TAG_Superlative_Null	28.5768148270073	6285	0
TAG_Adjective_Value_Value	-97.5083303245404	6329	0
TAG_Null_PresentTense_ProperNoun	135.964371192102	6416	0
TAG_Singular_Plural_ProperNoun	112.31869379734	6520	0
TAG_Infinitive_?_Pronoun	-116.06137610157	6534	0
TAG_Conjunction_Comparable_Conjunction	-974.042650351698	6536	0
TAG_ProperNoun_Preposition_?	167.61019735511	6659	0
TAG_ProperNoun_Value_ProperNoun	-30.3478941618993	6770	0
TAG_Determiner_?_Adjective	83.3363011283829	6777	0
TAG_Pronoun_Adjective_Noun	-61.028357443044	6781	0
TAG_Conjunction_Plural_Singular	99.0836784919172	6781	0
TAG_Pronoun_Plural	110.098924076639	6790	0
TAG_QuestionWord_Infinitive_Pronoun	71.0648658616315	6817	0
TAG_Auxiliary_Negative_Gerund	43.7377828690737	6839	0
TAG_?_Pronoun_Copula	-14.0446346501071	6846	0
TAG_Null_Comparative	42.6684971735753	6863	0
TAG_Determiner_Pronoun_Verb	-170.471759146526	7232	0
TAG_PastTense_Conjunction_Comparable	118.16059367221	7293	0
TAG_Pronoun_Infinitive_ProperNoun	-159.745737408078	7418	0
TAG_Preposition_PastTense_Conjunction	40.4063804886827	7447	0
TAG_Auxiliary_Gerund_Pronoun	6.12770203691173	7469	0
TAG_Pronoun_Preposition_Gerund	-31.528162059228	7492	0
TAG_Value_Null_PastTense	137.444163452525	7603	0
TAG_Preposition_Determiner_Pronoun	15.7861898102401	7651	0
TAG_Conjunction_Determiner_Pronoun	54.6546243444918	7890	0
TAG_Gerund_Determiner_Determiner	61.7743149320932	7997	0
TAG_ProperNoun_Pronoun_ProperNoun	14.2270314746946	8022	0
TAG_Gerund_Determiner_Pronoun	-307.507239394916	8074	0
TAG_Infinitive_Gerund_Determiner	43.9024291328064	8091	0
TAG_ProperNoun_Value_Plural	-13.6066981822507	8099	0
TAG_Conjunction_Determiner_Copula	6.53400327103495	8222	0
TAG_Value_Conjunction_Infinitive	-39.095552819431	8340	0
TAG_Value_PresentTense	204.315390323306	8550	0
TAG_PresentTense_Determiner_Determiner	-96.368573855664	8574	0
TAG_Value_Preposition_Value	-40.339940440819	8615	0
TAG_Conjunction_Determiner_Determiner	52.2932053646107	8648	0
TAG_Adverb_Pronoun_Auxiliary	268.103419822596	8687	0
TAG_Singular_Null_?	2.57286068024714	8713	0
TAG_Plural_Null_PresentTense	49.6528409338526	8854	0
TAG_Pronoun_Preposition_Possessive	-0.442179052169209	8906	0
TAG_Gerund_Null_Determiner	97.3272947180836	8910	0
TAG_Adjective_Conjunction_Possessive	-66.722507515401	8922	0
TAG_Null_Determiner_Infinitive	-92.933294502309	8967	0
TAG_Comparable_Null_Preposition	-89.1013063173709	8985	0
TAG_Singular_Infinitive_Singular	-73.5260868254455	9140	0
TAG_Copula_Plural_Preposition	-27.8125655819292	9141	0
TAG_Null_Gerund_ProperNoun	-81.3047473125306	9281	0
TAG_Null_Noun_Infinitive	31.6664792030459	9288	0
TAG_QuestionWord_Auxiliary_PastTense	139.791125014179	9387	0
TAG_Noun_QuestionWord	45.2132215644418	9505	0
TAG_Copula_Adjective_Determiner	145.157692216063	9615	0
TAG_Preposition_Conjunction_Infinitive	89.2451542797766	9790	0
TAG_ProperNoun_ProperNoun_Pronoun	-38.4770517110397	9804	0
TAG_Infinitive_Preposition_Comparable	69.1702395160845	9826	0
TAG_ProperNoun_Conjunction_Pronoun	-72.5708735545909	9853	0
TAG_PastTense_Pronoun_PastTense	-22.2858904999513	10002	0
TAG_Singular_Determiner_Comparable	-33.6385222385711	10019	0
TAG_Adverb_Null_PastTense	133.404361740657	10064	0
TAG_PastTense_Particle_Conjunction	-58.7986842358927	10081	0
TAG_Determiner_Possessive_Adjective	-44.040840213689	10185	0
TAG_Null_Plural_Infinitive	-58.1605123452927	10436	0
TAG_ProperNoun_Null_PresentTense	-28.8888723022027	10455	0
TAG_Preposition_Singular_ProperNoun	28.1515530376394	10509	0
TAG_Singular_Preposition_Conjunction	-25.8384173867623	10734	0
TAG_Null_Singular_PresentTense	23.043938649001	10814	0
TAG_Pronoun_Copula_Negative	76.3643966342649	10846	0
TAG_Determiner_ProperNoun_Copula	-56.7642843422431	10879	0
TAG_Preposition_Determiner_?	160.741088764142	10881	0
TAG_Conjunction_Null_Determiner	-55.8535158187508	10901	0
TAG_Uncountable_Null_ProperNoun	62.487872760083	10963	0
TAG_Auxiliary_Gerund_PastTense	25.7976003853212	10983	0
TAG_Copula_QuestionWord	-104.235947402611	11217	0
TAG_Null_Determiner_Preposition	-118.82356615562	11222	0
TAG_PresentTense_Conjunction_Plural	-85.0192756564475	11527	0
TAG_Uncountable_ProperNoun_ProperNoun	-16.8874765420472	11555	0
TAG_Conjunction_Value_Null	12.7273229567515	11672	0
TAG_Copula_Determiner_ProperNoun	11.9125005268709	11761	0
TAG_Determiner_Noun_PresentTense	76.5477257938033	11890	0
TAG_Adverb_QuestionWord	-36.7771617344358	11952	0
TAG_Preposition_Possessive_Value	-12.5848048105656	12056	0
TAG_Infinitive_Preposition_Value	-60.5270686240574	12077	0
TAG_ProperNoun_Null_Copula	-1.70319132471626	12113	0
TAG_Null_Determiner_Value	13.8700395075872	12301	0
TAG_Conjunction_Comparative	38.1350388095687	12310	0
TAG_Conjunction_Singular_Pronoun	35.072421854193	12383	0
TAG_Adverb_Copula	-12.8845810391604	12434	0
TAG_Plural_Preposition_Adverb	59.1084102854652	12485	0
TAG_Infinitive_Determiner_Preposition	138.172637212952	12854	0
TAG_Pronoun_ProperNoun_ProperNoun	-102.026542357307	12897	0
TAG_Preposition_Adverb_Preposition	10.0497085139843	12900	0
TAG_Preposition_Negative	-135.074069341501	12935	0
TAG_Pronoun_PresentTense_Null	-20.4985448778971	13111	0
TAG_Null_Singular_Infinitive	-27.5676242533099	13117	0
TAG_Null_Preposition_PresentTense	36.5022370206697	13125	0
TAG_Pronoun_Copula_Comparable	-133.914760093791	13365	0
TAG_Preposition_Adverb_Null	5.59731627493459	13450	0
TAG_Null_Preposition_Plural	-5.14653411740144	13584	0
TAG_Singular_Singular_Infinitive	124.572313704209	13639	0
TAG_ProperNoun_ProperNoun_Uncountable	12.9789522886239	13721	0
TAG_Determiner_Determiner_Plural	-42.950769116777	13739	0
TAG_PastTense_Singular_Singular	-33.5828176888999	13826	0
TAG_ProperNoun_Null_Null	49.9865252450576	13945	0
TAG_Infinitive_Negative	40.7337103231045	13950	0
TAG_Determiner_Auxiliary_Gerund	-45.0962425397639	14043	0
TAG_Conjunction_Comparable_Null	-40.7644154420719	14047	0
TAG_Adjective_Plural_Copula	-39.8231201282466	14082	0
TAG_Null_PastTense_Singular	-53.6625530656383	14307	0
TAG_Null_Preposition_Null	24.5584158048654	14458	0
TAG_Infinitive_Determiner_Pronoun	0.505886526691035	14527	0
TAG_Gerund_PastTense_Preposition	-38.9108482763998	14724	0
TAG_Null_Preposition_Value	80.225689213468	14763	0
TAG_ProperNoun_QuestionWord	3.2468334171083	14796	0
TAG_Determiner_Determiner_Adjective	248.525709738963	14862	0
TAG_Gerund_Conjunction_ProperNoun	42.5444068376463	14980	0
TAG_ProperNoun_ProperNoun_Value	-25.7878449102327	14987	0
TAG_Preposition_ProperNoun_Uncountable	60.61403440757	15020	0
TAG_Determiner_Pronoun_Copula	-58.0986047535273	15246	0
TAG_Infinitive_Null_Preposition	-46.8912003785127	15305	0
TAG_Null_Value_Preposition	73.9440042813192	15319	0
TAG_PastTense_Determiner_Pronoun	-25.2211636851566	15654	0
TAG_Singular_Singular_ProperNoun	22.4733668243208	15674	0
TAG_ProperNoun_PresentTense_Null	-88.5993836177885	15847	0
TAG_?_Adjective	-30.2867461668786	15870	0
TAG_Null_Preposition_PastTense	-2.12938379740996	15928	0
TAG_Plural_PastTense_Null	44.0004301425156	15953	0
TAG_Verb_Auxiliary	-23.1113312390308	16036	0
TAG_Comparable_Null_Noun	66.5150172042825	16093	0
TAG_Plural_QuestionWord	-0.113208350248737	16098	0
TAG_Null_ProperNoun_PresentTense	13.4975658667555	16154	0
TAG_Value_Null_Conjunction	-66.4091333553943	16178	0
TAG_Null_Adverb_PastTense	18.7178054752977	16230	0
TAG_Infinitive_Preposition_Pronoun	27.2055390682768	16284	0
TAG_QuestionWord_Infinitive	-31.7832894303047	16329	0
TAG_PresentTense_Plural	-1.50172536939168	16359	0
TAG_Verb_Pronoun	43.9937130514226	16373	0
TAG_Infinitive_Determiner_Null	-20.6993076356396	16553	0
TAG_Null_Singular_ProperNoun	-82.7015714481667	16593	0
TAG_ProperNoun_Null_Adjective	-25.6131838248983	16614	0
TAG_Null_Gerund_Preposition	-44.5484443326611	16715	0
TAG_Null_ProperNoun_Determiner	-12.4624608129192	16716	0
TAG_Preposition_Comparable_Null	51.6938908825603	16719	0
TAG_Possessive_Conjunction	38.7035487786792	16823	0
TAG_Infinitive_Pronoun_Conjunction	-14.1705242062991	16975	0
TAG_ProperNoun_Null_Possessive	23.7410840848778	16982	0
TAG_Conjunction_Singular_Possessive	25.5119438100608	17040	0
TAG_Determiner_Determiner_ProperNoun	-24.7956086618136	17213	0
TAG_Plural_Preposition_Value	34.6351707616906	17332	0
TAG_Adjective_Noun_Determiner	86.1237820774353	17371	0
TAG_Infinitive_Determiner_Determiner	29.7201711755171	17391	0
TAG_Singular_Pronoun_Auxiliary	29.1580604572089	17482	0
TAG_ProperNoun_ProperNoun_Adverb	116.744386031467	17544	0
TAG_ProperNoun_ProperNoun_Possessive	96.7714838085409	17556	0
TAG_?_Pronoun_Infinitive	61.3415334380079	17726	0
TAG_Adverb_Null_Pronoun	70.9178055705717	17981	0
TAG_Conjunction_Adverb_Infinitive	-42.8835013227617	18048	0
TAG_ProperNoun_Uncountable_Null	-93.2644826361209	18073	0
TAG_Preposition_Null_ProperNoun	-64.9843059508767	18308	0
TAG_ProperNoun_Uncountable_ProperNoun	29.3808871137826	18348	0
TAG_Determiner_QuestionWord	80.4522379068443	18519	0
TAG_ProperNoun_Possessive_ProperNoun	-55.1769029923914	18563	0
TAG_Verb_Plural	43.8554993942295	18568	0
TAG_Preposition_Pronoun_Auxiliary	-141.134377639026	18769	0
TAG_ProperNoun_Null_QuestionWord	28.8178779037807	18818	0
TAG_Pronoun_Adverb_Infinitive	47.3317864406306	18904	0
TAG_Comparable_Uncountable	-6.79863554350196	19003	0
TAG_ProperNoun_Preposition_Value	-42.6732833290422	19247	0
TAG_Null_Pronoun_PresentTense	64.8893553988243	19300	0
TAG_PastTense_Determiner_Determiner	-56.2010822463813	19409	0
TAG_Determiner_Value_Null	45.1333527395113	19465	0
TAG_Auxiliary_Adverb	-10.212932697579	19499	0
TAG_Null_Determiner_Comparable	-7.4852234390839	19710	0
TAG_Adverb_Infinitive_Determiner	-13.3343090415493	19740	0
TAG_Plural_Determiner_Singular	-43.0962298393315	19793	0
TAG_Null_Plural_Conjunction	-25.1992767515524	20208	0
TAG_Value_Null_Singular	-49.1154888778409	20385	0
TAG_Adjective_Null_ProperNoun	58.6946779559736	20538	0
TAG_Gerund_Determiner_ProperNoun	11.4567089798805	20959	0
TAG_Pronoun_Auxiliary_Negative	-32.3672567675093	21170	0
TAG_Null_Plural_Preposition	71.307497909006	21305	0
TAG_Adverb_Null_Determiner	1.72047582334856	21596	0
TAG_?_Determiner	-13.2297861829465	21624	0
TAG_Preposition_Value_Preposition	41.4493545011361	21671	0
TAG_Pronoun_Copula_Adjective	-13.2281349170701	21775	0
TAG_Determiner_Adjective_Value	39.2499616930693	21911	0
TAG_Null_ProperNoun_Preposition	18.1687015832594	22017	0
TAG_QuestionWord_Copula	46.3266044965017	22155	0
TAG_Infinitive_Pronoun_Infinitive	-37.00582883999	22161	0
TAG_Infinitive_PresentTense	34.1748333330566	22242	0
TAG_Conjunction_Negative	-19.4090926713578	22266	0
TAG_Determiner_Comparable_Null	3.49089178812829	22333	0
TAG_Auxiliary_Auxiliary_Auxiliary	-88.7336546632949	22460	0
TAG_Adverb_Preposition_Value	-41.0256544578923	22494	0
TAG_Comparable_Null_Singular	56.7848880650387	22654	0
TAG_Infinitive_ProperNoun_ProperNoun	-16.350572956307	22676	0
TAG_Adjective_Null_Singular	-9.84878082802606	22794	0
TAG_Preposition_Value_Singular	-0.472900276919097	22800	0
TAG_PastTense_Preposition_Value	42.8566671376089	22834	0
TAG_Determiner_Copula_Determiner	9.75498864376551	22878	0
TAG_Negative_Singular	78.3404613431108	22881	0
TAG_Singular_Conjunction_Pronoun	50.0515053421591	22996	0
TAG_Auxiliary_Infinitive_Possessive	16.608229888627	23203	0
TAG_Null_PastTense_ProperNoun	35.9953708730897	23482	0
TAG_Conjunction_Infinitive_ProperNoun	-30.2950448335274	23519	0
TAG_Singular_Preposition_Comparable	-9.56576565851376	23846	0
TAG_Determiner_Comparative	50.3605067110886	23868	0
TAG_Adjective_Pronoun	1.47271934726145	23974	0
TAG_Negative_Adjective	31.9915738972605	24042	0
TAG_Conjunction_Infinitive_PastTense	-12.0779461615922	24104	0
TAG_Determiner_?	-101.209215718524	24185	0
TAG_Null_Adverb_Null	61.2353983236032	24206	0
TAG_Adjective_Conjunction_Determiner	-24.3255350082242	24308	0
TAG_Null_Possessive_Singular	95.106882938494	24488	0
TAG_Pronoun_ProperNoun	0.319393134648356	24542	0
TAG_Pronoun_Copula_Adverb	-61.5290932512621	24571	0
TAG_ProperNoun_Null_Value	27.2633503457316	24712	0
TAG_Conjunction_Pronoun_Copula	11.7857760198379	25001	0
TAG_Null_Uncountable	-14.517585763449	25286	0
TAG_Null_Adverb_Preposition	19.272303979408	25318	0
TAG_Preposition_?	-27.9850812086218	25584	0
TAG_Plural_Null_Adverb	13.3106995557176	25591	0
TAG_Pronoun_Infinitive_Preposition	0.952920957823876	25661	0
TAG_Singular_Preposition_Pronoun	8.14397752499	25670	0
TAG_ProperNoun_Auxiliary_Gerund	47.763842945997	25671	0
TAG_ProperNoun_ProperNoun_Determiner	43.9319061174008	25687	0
TAG_QuestionWord_Auxiliary	-6.90305894964679	25709	0
TAG_Possessive_Value	-90.4202443784709	25738	0
TAG_Null_Singular_Conjunction	-11.0524272466455	25943	0
TAG_Plural_Null_Singular	6.23576360484637	25967	0
TAG_Pronoun_Adverb_PastTense	3.02214554155426	26448	0
TAG_Adverb_Pronoun	-13.7801661070992	26462	0
TAG_Null_ProperNoun_Conjunction	21.748405835571	26670	0
TAG_PastTense_PastTense	-49.2387450359177	26676	0
TAG_Noun_Null_ProperNoun	-38.3555572740342	26770	0
TAG_Noun_Null_Noun	10.8746676013957	26779	0
TAG_Determiner_Plural_Auxiliary	-31.4279923648837	27344	0
TAG_Singular_Null_Plural	4.0130423355151	27459	0
TAG_Auxiliary_Infinitive_Pronoun	-68.9431873782809	27643	0
TAG_Noun_Plural_Null	-40.5387862849658	27673	0
TAG_ProperNoun_Plural_Preposition	-9.42004404284164	27711	0
TAG_Null_PastTense_Preposition	-88.7038511436744	27724	0
TAG_Null_Gerund_Conjunction	11.307408786794	27803	0
TAG_Null_Conjunction_ProperNoun	148.828615903339	28017	0
TAG_ProperNoun_Plural_ProperNoun	-31.4668452898549	28097	0
TAG_Comparative_Null	41.2513972275206	28319	0
TAG_ProperNoun_Auxiliary_Auxiliary	-12.6614756322607	28784	0
TAG_Null_Preposition_Singular	20.1977557265915	28879	0
TAG_Determiner_Plural_Conjunction	-0.581312429344586	28905	0
TAG_Pronoun_Copula_Determiner	-17.8105894853855	28916	0
TAG_QuestionWord_ProperNoun	-16.2048099240312	28948	0
TAG_Conjunction_Singular_Plural	40.4401590010241	28982	0
TAG_Preposition_Determiner_Null	21.5930880506034	29138	0
TAG_Adverb_PastTense_Determiner	3.38733462085523	29188	0
TAG_Infinitive_Determiner_ProperNoun	-25.4271806678099	29836	0
TAG_Preposition_Determiner_Possessive	-16.87866833582	29921	0
TAG_Null_Singular_Preposition	5.00904096464382	30233	0
TAG_Adjective_Singular_Plural	-40.5298586315773	30353	0
TAG_Null_Noun_Singular	-88.9572506358577	30426	0
TAG_ProperNoun_ProperNoun_PresentTense	-40.0218555573428	30462	0
TAG_Null_Conjunction_Null	-4.68041715062256	30677	0
TAG_Plural_Null_Gerund	-16.2672702099554	30758	0
TAG_Value_Singular_Preposition	-25.7669784190433	31275	0
TAG_ProperNoun_Null_PastTense	33.6330366678936	31440	0
TAG_Infinitive_QuestionWord	-65.982731842415	31469	0
TAG_Null_Singular_Plural	207.412550296761	31503	0
TAG_Plural_ProperNoun_ProperNoun	-30.9909215329927	31765	0
TAG_Infinitive_Preposition_Singular	5.90883161076603	31928	0
TAG_Auxiliary_Negative_Infinitive	48.3985172764942	32043	0
TAG_Singular_QuestionWord	7.6618329002616	32061	0
TAG_Singular_Null_PastTense	-1.59544444945173	32374	0
TAG_Value_Adjective	-1.3362931385426	32626	0
TAG_Infinitive_Possessive_Singular	20.3513329655575	32754	0
TAG_Adjective_Conjunction_Infinitive	1.06758846269383	32961	0
TAG_Auxiliary_Gerund_Determiner	-9.586346323438	33001	0
TAG_Plural_Preposition_Adjective	10.2264171102115	33625	0
TAG_Auxiliary_Auxiliary_Infinitive	39.3885819376943	33786	0
TAG_Adjective_Value	45.5604679831011	35244	0
TAG_Adverb_PresentTense	18.7744821313386	35306	0
TAG_Determiner_Value_Singular	-23.6276948493553	35616	0
catGIsklasth	-10.3730860069613	35638	0
TAG_Preposition_PastTense	8.38355266142164	35879	0
TAG_Pronoun_Adjective	-68.7274332985744	36140	0
TAG_ProperNoun_Null_Singular	-7.60195223189192	36222	0
TAG_Auxiliary_Gerund_Conjunction	-25.3460610330729	36334	0
TAG_ProperNoun_Null_Noun	32.1972040271142	37263	0
TAG_Particle_Determiner	40.3820592581094	37404	0
TAG_Determiner_Adjective_Plural	7.36099620835835	37784	0
TAG_Copula_Comparable	-20.3029802850945	37821	0
TAG_Plural_Null_ProperNoun	23.5988791825622	37994	0
TAG_Value_Value	-11.1491375550436	38508	0
TAG_Singular_Null_Gerund	49.1303034660973	38835	0
TAG_ProperNoun_Adverb	13.1150642794787	38923	0
TAG_Singular_Auxiliary_Auxiliary	10.7295468693273	39152	0
TAG_Conjunction_Infinitive_Pronoun	43.6017644564498	39342	0
TAG_Preposition_Gerund_Determiner	-25.6902221488052	39652	0
TAG_Plural_Null_Determiner	-39.9005074605807	39813	0
TAG_Preposition_Value_Null	-40.0778511440959	39846	0
TAG_Singular_Null_Noun	-4.59368835548733	39895	0
TAG_Pronoun_Infinitive_Determiner	11.3895360570162	40163	0
TAG_Singular_Copula_Determiner	2.04704359835206	40255	0
catGIsky	-51.8303611082262	40463	0
TAG_ProperNoun_Null_Preposition	-32.461101141111	40529	0
TAG_Null_Singular_Singular	21.8984286031917	41129	0
TAG_Preposition_Possessive_Plural	3.49430437303869	41293	0
TAG_Preposition_Value_Plural	40.0198655911198	41294	0
TAG_Determiner_Adjective_Adjective	19.9366723181127	41549	0
TAG_Auxiliary_Auxiliary_Gerund	-28.9622357520051	41652	0
TAG_Null_Pronoun_Infinitive	-28.1376683375951	41688	0
TAG_ProperNoun_ProperNoun_Singular	-10.1272064463412	41875	0
TAG_Noun_Singular_Null	-31.0283771699324	42643	0
TAG_Gerund_Conjunction_Infinitive	16.403015131036	42655	0
TAG_Conjunction_Auxiliary	-21.1519598823292	42783	0
TAG_Preposition_Determiner_Value	29.6270129159258	43061	0
TAG_Conjunction_ProperNoun_Null	53.5950675512931	43227	0
TAG_Negative_Infinitive	17.4241451747238	43249	0
TAG_Determiner_Singular_Copula	4.33476708748675	43254	0
TAG_ProperNoun_Auxiliary_PastTense	-5.28002582053304	43256	0
TAG_Value_Plural_Null	5.71574582856576	43472	0
TAG_Modal	29.5422027663235	43894	0
TAG_Gerund_Possessive	-44.2997202130455	43994	0
TAG_Superlative	-3.93647202152255	44102	0
TAG_Copula_Determiner_Singular	41.6365287020072	44207	0
TAG_ProperNoun_ProperNoun_Plural	23.8798654103159	44271	0
TAG_Pronoun_Conjunction	-2.89478212606021	44559	0
TAG_ProperNoun_ProperNoun_Auxiliary	13.4190809738047	44650	0
TAG_Conjunction_Infinitive_Possessive	9.78622033275078	45059	0
catGIthink	13.1748116600449	45786	0
TAG_Adverb_Conjunction	-28.4587683829436	46039	0
TAG_ProperNoun_Possessive	-18.3272513584463	46800	0
TAG_Auxiliary_Negative	2.6428246485926	47104	0
