TAG_Possessive_PastTense_Comparable	1058.50808925432	686	0
TAG_?_PresentTense_Null	828.555002588957	813	0
TAG_?_PresentTense	457.671829164087	2096	0
TAG_?_Infinitive_Determiner	358.183508652365	2173	0
TAG_ProperNoun_Comparable_Adverb	314.698606559483	882	0
TAG_Singular_QuestionWord_Auxiliary	305.955823688143	2154	0
TAG_Singular_Pronoun_ProperNoun	281.996928864005	1381	0
TAG_Singular_Null_?	273.55104884622	8713	0
TAG_Plural_Plural_ProperNoun	268.117893391193	2253	0
TAG_Gerund_Conjunction_ProperNoun	251.033709755021	14980	0
TAG_Copula_Possessive_Plural	250.45388412285	1650	0
TAG_ProperNoun_?_Pronoun	221.237789143756	2153	0
TAG_Plural_ProperNoun_Possessive	218.558225803399	1724	0
TAG_PresentTense_Determiner_Determiner	209.144560316118	8574	0
TAG_Plural_ProperNoun_ProperNoun	204.181520232124	31765	0
TAG_Modal_Adjective_Noun	176.414927027025	4140	0
TAG_Infinitive_QuestionWord_ProperNoun	169.318409445841	2358	0
TAG_ProperNoun_Value_ProperNoun	163.780766621984	6770	0
TAG_Conjunction_Null_Determiner	159.944884366531	10901	0
TAG_PresentTense_Determiner_Pronoun	157.33234106957	5741	0
TAG_Pronoun_Plural_ProperNoun	151.888423278574	1073	0
TAG_ProperNoun_Plural_ProperNoun	149.286661503876	28097	0
TAG_Preposition_Conjunction_Infinitive	147.418634493168	9790	0
TAG_Pronoun_ProperNoun_ProperNoun	142.934213612975	12897	0
TAG_Preposition_Determiner_Pronoun	141.252726842561	7651	0
TAG_Noun_QuestionWord	141.150529784587	9505	0
TAG_ProperNoun_Pronoun_Plural	134.579343347314	887	0
TAG_Pronoun_Adjective_Plural	134.561223948452	3031	0
TAG_PastTense_Particle_Conjunction	134.373274471788	10081	0
TAG_Singular_Plural_ProperNoun	132.778316280791	6520	0
TAG_ProperNoun_Plural_Pronoun	130.069508308276	2470	0
TAG_ProperNoun_ProperNoun_QuestionWord	121.885312614672	6243	0
TAG_ProperNoun_ProperNoun_Uncountable	121.477997424133	13721	0
TAG_Determiner_Copula_QuestionWord	117.335534701267	4893	0
TAG_Infinitive_?_Pronoun	117.333944295848	6534	0
TAG_Pronoun_Infinitive_ProperNoun	115.496094937964	7418	0
TAG_ProperNoun_ProperNoun_Possessive	114.517421026037	17556	0
TAG_Determiner_Pronoun_ProperNoun	112.874173330906	2967	0
TAG_QuestionWord_Infinitive_Pronoun	108.820902827394	6817	0
TAG_Pronoun_ProperNoun_Plural	105.353694086651	1422	0
TAG_?_Pronoun_Infinitive	99.9831588281834	17726	0
TAG_Singular_?_Pronoun	98.9607798330991	5022	0
TAG_Adjective_Conjunction_Possessive	98.6737936043097	8922	0
TAG_Pronoun_Plural	96.5511321717483	6790	0
TAG_Infinitive_Gerund_Pronoun	94.8038344083883	2017	0
TAG_ProperNoun_QuestionWord_ProperNoun	94.5506062985723	2409	0
TAG_Copula_Singular_Gerund	89.3350742914458	6107	0
TAG_Infinitive_Determiner_Determiner	88.4581936163674	17391	0
TAG_Determiner_ProperNoun_Copula	84.8990267257643	10879	0
TAG_ProperNoun_ProperNoun_Pronoun	84.7160234771221	9804	0
TAG_ProperNoun_QuestionWord	84.1337779445523	14796	0
TAG_Pronoun_ProperNoun	83.3843521494656	24542	0
TAG_Singular_Conjunction_Pronoun	81.3661662917784	22996	0
TAG_Pronoun_Adjective_Noun	81.3379252264362	6781	0
TAG_Adverb_QuestionWord	81.283812693042	11952	0
TAG_ProperNoun_Possessive_ProperNoun	79.344181121872	18563	0
TAG_Auxiliary_Negative_Gerund	77.711163799611	6839	0
TAG_Conjunction_Adverb_Infinitive	74.5904003418762	18048	0
TAG_PastTense_Determiner_Pronoun	74.5878848997203	15654	0
TAG_QuestionWord_Copula_Possessive	74.4377152570659	1807	0
TAG_Copula_Noun	73.8393424266566	4429	0
TAG_Adverb_Null_Determiner	72.7371091618497	21596	0
TAG_Plural_QuestionWord	71.6683430374541	16098	0
TAG_Adverb_Preposition_Negative	71.2960392395447	1734	0
TAG_?_ProperNoun_Conjunction	69.0780323191328	1287	0
TAG_ProperNoun_Conjunction_Pronoun	68.8201298032953	9853	0
TAG_Gerund_Conjunction	67.6275546112422	74475	0.00232919254658385
TAG_PastTense_Determiner_Determiner	66.793319935145	19409	0
TAG_Determiner_Pronoun_Copula	64.5542187792235	15246	0
TAG_Determiner_Pronoun_Null	63.0930540425036	5225	0
TAG_Adjective_Conjunction_Determiner	62.5713788148112	24308	0
TAG_Auxiliary_Gerund_PastTense	62.270660848934	10983	0
TAG_Adverb_Null_Pronoun	62.0261592631282	17981	0
TAG_Infinitive_Determiner_Preposition	61.2381156823166	12854	0
TAG_ProperNoun_Pronoun_ProperNoun	61.2207452852034	8022	0
TAG_Gerund_Determiner_ProperNoun	59.7819194581424	20959	0
TAG_ProperNoun_ProperNoun_ProperNoun	59.0588773570392	88071	0.00758725341426404
TAG_Determiner_Determiner_Pronoun	58.7640357762666	2074	0
TAG_Plural_ProperNoun_Plural	58.1914921728891	4437	0
TAG_Gerund_Determiner_Determiner	57.6349170391196	7997	0
TAG_Infinitive_ProperNoun_ProperNoun	54.1208733797284	22676	0
TAG_Pronoun_Infinitive_QuestionWord	54.0891235490785	6225	0
TAG_Negative_Infinitive	53.8238063245939	43249	0
TAG_Adjective_Pronoun	53.6966389591789	23974	0
TAG_Adverb_Pronoun_Auxiliary	53.504780513496	8687	0
TAG_Infinitive_Negative	52.039337339914	13950	0
TAG_Possessive_Conjunction	52.0136118612069	16823	0
TAG_Singular_QuestionWord	51.9060166848859	32061	0
TAG_Auxiliary_Infinitive_Possessive	51.7896939956963	23203	0
TAG_Gerund_PastTense_Conjunction	50.518085878082	5587	0
TAG_Pronoun_Preposition_Possessive	49.7266723737935	8906	0
TAG_Comparable_Uncountable	49.6586444471239	19003	0
TAG_Infinitive_Pronoun_ProperNoun	49.3406771831244	1545	0
TAG_Determiner_Pronoun_Verb	48.7635709411465	7232	0
TAG_?_Pronoun_Copula	47.5970200770176	6846	0
TAG_Auxiliary_PastTense_Conjunction	47.5934343646956	54917	0.000907441016333938
TAG_ProperNoun_Adverb	47.5921424371717	38923	0
TAG_Infinitive_Pronoun_Infinitive	47.3489293630173	22161	0
TAG_Auxiliary_Adverb	46.8834160282782	19499	0
TAG_Infinitive_Determiner_Null	45.7110029500074	16553	0
TAG_Copula_Adjective_Determiner	45.4354199740942	9615	0
TAG_Adverb_PresentTense	45.328123976971	35306	0
TAG_Verb_Auxiliary	45.1008948616939	16036	0
TAG_Preposition_Gerund_Determiner	44.5910845346703	39652	0
TAG_Determiner_Auxiliary_Gerund	44.3847210258643	14043	0
TAG_Determiner_Copula_Determiner	44.1085371169521	22878	0
TAG_Preposition_Pronoun_Auxiliary	44.003165013008	18769	0
TAG_QuestionWord_Auxiliary	43.740157773354	25709	0
TAG_Auxiliary_Gerund_Pronoun	43.2704997900599	7469	0
TAG_Adjective_Value	42.6760562947754	35244	0
TAG_Determiner_Adjective_Plural	42.5578671177281	37784	0
TAG_Preposition_Determiner_Null	42.3668731530749	29138	0
TAG_Pronoun_Copula_Adjective	42.2205705824546	21775	0
TAG_Determiner_Adjective_Adjective	42.2074039907205	41549	0
TAG_ProperNoun_Value_Plural	41.9794507746238	8099	0
TAG_Null_ProperNoun_Null	41.6606776138914	64393	0.0018348623853211
TAG_ProperNoun_ProperNoun_Determiner	41.3673693702848	25687	0
TAG_Singular_Gerund_PastTense	41.1983775336319	4096	0
TAG_ProperNoun_Auxiliary_Auxiliary	40.5068072782114	28784	0
TAG_Conjunction_Singular_Pronoun	40.2779234065346	12383	0
TAG_Conjunction_Preposition_PastTense	39.7675072606612	1730	0
TAG_ProperNoun_ProperNoun_Plural	39.6553178591097	44271	0
TAG_Value_Plural_ProperNoun	39.5455689846606	5455	0
TAG_Null_ProperNoun_Preposition	38.9425759068529	22017	0
TAG_Infinitive_Pronoun_Conjunction	37.4827394613829	16975	0
TAG_ProperNoun_ProperNoun_Value	37.4671004867993	14987	0
TAG_Determiner_Copula	37.3410170909541	54212	0.000909918107370337
TAG_Auxiliary_PastTense_Preposition	37.2050916037711	74790	0.00235294117647059
TAG_Pronoun_Copula_Comparable	37.1602820246421	13365	0
TAG_Conjunction_Negative	36.9336797822307	22266	0
TAG_Adverb_PastTense	36.6125513182886	72026	0.00211416490486258
TAG_Adverb_Copula	36.0446663496767	12434	0
TAG_Infinitive_QuestionWord	35.2802732066475	31469	0
TAG_QuestionWord_Auxiliary_PastTense	35.0559131457548	9387	0
TAG_Particle_Determiner	33.485888393548	37404	0
TAG_Determiner_Determiner_ProperNoun	33.106551979134	17213	0
TAG_Conjunction_Infinitive_PastTense	32.4014467225758	24104	0
TAG_Adjective_Value_Value	32.1127318378947	6329	0
TAG_Conjunction_Infinitive_ProperNoun	32.0850144439229	23519	0
TAG_Adjective_Noun_Determiner	31.7718723904074	17371	0
TAG_Pronoun_Adverb_Infinitive	31.3842939739926	18904	0
TAG_Determiner_QuestionWord	30.7514868838243	18519	0
TAG_Conjunction_ProperNoun_Null	30.7368598492937	43227	0
TAG_Singular_Pronoun_Auxiliary	30.2186071299969	17482	0
TAG_Singular_Preposition_Conjunction	29.5605971873402	10734	0
TAG_Gerund_Possessive	29.0091735523409	43994	0
TAG_QuestionWord_Infinitive	28.6649945106197	16329	0
TAG_PresentTense_ProperNoun_Null	28.6503644602788	5827	0
TAG_Copula_QuestionWord	28.5292547077557	11217	0
TAG_Conjunction_Pronoun_Copula	28.2638311302436	25001	0
TAG_Null_Singular	27.5836131307477	86134	0.00519031141868512
TAG_Copula_Adverb	27.412359964181	64159	0.00157977883096367
TAG_Infinitive_Determiner_Pronoun	27.029279014676	14527	0
TAG_Determiner_Null	26.9634969628588	65964	0.00170664645508803
TAG_Preposition_Adverb	26.876064875223	56710	0.00103199174406605
TAG_ProperNoun_ProperNoun_Adverb	26.2185929031893	17544	0
TAG_Modal_Negative_Infinitive	25.769798794396	4710	0
TAG_Comparable_Adverb_Null	25.2628178814767	3447	0
TAG_Pronoun_Copula_Negative	25.1524270945071	10846	0
TAG_Pronoun_Conjunction	25.0450715201487	44559	0
TAG_Conjunction_Singular_Possessive	24.5284252837315	17040	0
TAG_PastTense_PastTense	24.2653289524288	26676	0
TAG_ProperNoun_PresentTense_Null	24.1212292976104	15847	0
TAG_Adjective_Conjunction_Infinitive	23.3156011838513	32961	0
TAG_Value_Value	23.3060292685461	38508	0
TAG_Preposition_Possessive_Plural	23.1452298733888	41293	0
TAG_Gerund_Determiner	22.2201144856124	81737	0.00324675324675325
TAG_Adjective_ProperNoun	21.8177933830658	61276	0.00140449438202247
TAG_Auxiliary_PastTense_Determiner	21.8157561204143	48254	0.000310221995186964
catGIeval@	21.5840972531308	79097	0.00530503978779841
TAG_Adverb_PastTense_Determiner	21.5047559986614	29188	0
TAG_Preposition_?	20.8864736049911	25584	0
TAG_Infinitive_Preposition_Pronoun	20.7427441868368	16284	0
TAG_Determiner_Singular_Copula	20.3711437791275	43254	0
TAG_PastTense_Determiner	20.1012034923059	87037	0.00549450549450549
TAG_Auxiliary_Auxiliary_Gerund	19.9732327917276	41652	0
TAG_Determiner_Plural_Conjunction	19.8787109966884	28905	0
TAG_Determiner_Value_Singular	19.8614614054564	35616	0
TAG_Singular_Conjunction_Infinitive	19.3705040062551	68710	0.0018450184501845
TAG_Conjunction_Determiner_Pronoun	18.728704679915	7890	0
TAG_QuestionWord_Copula	18.6053958240226	22155	0
TAG_Null_PastTense_ProperNoun	18.1550709555494	23482	0
TAG_Conjunction_Comparative	17.4776809574958	12310	0
TAG_Value_Null_Conjunction	17.0514213844154	16178	0
TAG_Conjunction_Auxiliary	16.6074650627107	42783	0
TAG_Gerund_Determiner_Pronoun	16.2980068944363	8074	0
TAG_Infinitive_Conjunction_Infinitive	16.2732418118303	62083	0.00145772594752187
TAG_Determiner_Determiner_Plural	16.1446537616717	13739	0
TAG_QuestionWord_Auxiliary_Gerund	15.8934818901472	5275	0
TAG_PastTense_Conjunction	15.0921139419438	83776	0.00384368994234465
TAG_Null_Conjunction_ProperNoun	14.9404969703497	28017	0
catGIenlends	14.5549861497894	79330	0.00524475524475524
TAG_Adverb_Conjunction	14.094450673491	46039	0
catGIbodypt	13.7808858981059	81262	0.00609756097560976
TAG_Conjunction_Infinitive_Possessive	13.777000187885	45059	0
catGIpowdoct	13.7459530589418	50116	0.00107758620689655
TAG_Singular_Auxiliary_Auxiliary	13.5937755425938	39152	0
TAG_Null_Uncountable	13.1823071123781	25286	0
TAG_Pronoun_Infinitive_Preposition	13.0013643139282	25661	0
TAG_Copula_Determiner_ProperNoun	12.5119043942779	11761	0
TAG_Value_Preposition	12.4786702878623	59411	0.00127388535031847
TAG_Pronoun_Auxiliary_Negative	12.4079263250286	21170	0
TAG_Value	12.4038662416769	93768	0.0152997864368393
TAG_Singular_Copula_Determiner	12.3169519472553	40255	0
TAG_PastTense_Conjunction_Infinitive	12.2942600952973	60579	0.00130275751246751
TAG_Negative_Singular	12.2538335576289	22881	0
TAG_Copula	11.7716960722605	94925	0.0136157337367625
TAG_Conjunction_Infinitive_Pronoun	11.7347667971996	39342	0
TAG_Preposition_Pronoun	11.6948116402167	70959	0.0021551724137931
TAG_?	11.4550532400817	80832	0.00343642611683849
TAG_Preposition_Negative	11.3563333891557	12935	0
TAG_Determiner_Plural_Auxiliary	11.2985749115019	27344	0
TAG_Auxiliary_Auxiliary_Infinitive	11.2818081590496	33786	0
TAG_PresentTense_Null	10.9496467787372	63286	0.00156372165754496
TAG_Infinitive_Pronoun	10.8316039109931	68483	0.00202839756592292
TAG_Determiner_Plural	10.4696510118779	86256	0.0050251256281407
TAG_Auxiliary_Auxiliary	10.2734565180767	83281	0.00392156862745098
TAG_Gerund	10.2378876171029	95507	0.0192954591745645
catGInotlw	10.0618148222911	89124	0.0106269925611052
TAG_Plural_Null_PresentTense	10.0559093394411	8854	0
catGIdim	10.0479569699551	87909	0.00975609756097561
catGIthink	9.90299798579609	45786	0
TAG_Adjective_Singular_Plural	9.58597339236467	30353	0
catGIrctot	9.56032955539089	95693	0.0397013038912278
TAG_Pronoun_Infinitive	9.52237319158204	77047	0.0034034829084498
TAG_Auxiliary_Negative_Infinitive	9.40384324035067	32043	0
TAG_Determiner_ProperNoun	9.39895587831573	91970	0.0106502574185051
TAG_Determiner_Noun_PresentTense	9.07485327373536	11890	0
TAG_Null_Preposition_Plural	8.93759480752274	13584	0
TAG_Pronoun_Adjective	8.84712891135743	36140	0
TAG_Pronoun_Preposition_Gerund	8.82567241360464	7492	0
TAG_Pronoun_Auxiliary	8.73026165063813	87676	0.00560355806559278
TAG_ProperNoun_Auxiliary_Gerund	8.33182925473339	25671	0
catGIrsptot	8.24196783355172	95288	0.0285714285714286
TAG_Value_Conjunction_Infinitive	8.13451993383454	8340	0
TAG_Copula_Comparable	8.10185409427945	37821	0
TAG_Conjunction_Singular_Null	8.0989011766462	49778	0.00059011556572509
TAG_Determiner_Determiner_Adjective	7.62012507882922	14862	0
TAG_Null_PastTense	7.06075449064785	70093	0.00219298245614035
catGIrise	7.05972776542812	82580	0.00628930817610063
TAG_Singular_Null_PastTense	6.85731459883463	32374	0
catGIfreq	6.80009296152727	92464	0.0144300144300144
catGIyes	6.58482542923165	77597	0.00480769230769231
TAG_Auxiliary_Infinitive_Pronoun	6.5382809025984	27643	0
TAG_Pronoun_Adverb_PastTense	6.3550458782285	26448	0
catGInegaff	6.32683736770087	89046	0.011140867830043
TAG_ProperNoun_Copula	6.32041401592855	54673	0.000964320154291225
catGIrcends	6.28661406728282	57230	0.00183823529411765
TAG_ProperNoun_Auxiliary	6.2789752080409	70593	0.00221381793231325
catGIpowauth	6.27489216467782	83460	0.00928792569659443
wordsCaSeD	6.18033226207968	95899	0.16496257023914
TAG_Modal	6.10827049848704	43894	0
catGIcausal	5.6843819064929	95514	0.0333737998176062
TAG_Infinitive_Determiner_ProperNoun	5.64990344507091	29836	0
TAG_Verb	5.53020764741863	92267	0.00807381776239908
TAG_Plural_Preposition	5.44359841072054	92693	0.00961538461538462
TAG_Adverb_Determiner	5.43181283599029	61157	0.00138312586445367
TAG_Preposition_Value_Plural	5.3881673521621	41294	0
TAG_ProperNoun_Auxiliary_PastTense	5.34352444092184	43256	0
TAG_Null_Preposition_Determiner	5.33430732593397	51049	0.000727272727272727
TAG_Adverb_Pronoun	5.1920747607395	26462	0
TAG_Plural_Null	5.02342033658378	94005	0.0121789704120309
TAG_Auxiliary_Gerund	4.97458668812887	81101	0.00340136054421769
TAG_ProperNoun_Preposition_ProperNoun	4.86291988673828	61964	0.00149253731343284
catGIovrst	4.64105215872769	95900	0.11965811965812
catGIpos	4.43750692363976	90437	0.0109217538424658
TAG_Singular_Singular_Preposition	4.27754855541492	59851	0.00125156445556946
TAG_Infinitive_Determiner	4.03868807384509	91853	0.00770416024653313
TAG_?_Determiner	3.92913527360776	21624	0
TAG_Auxiliary_Auxiliary_Auxiliary	3.77469140760955	22460	0
catGIwlbloss	3.53192690836068	84361	0.00742574257425743
catGIptlw	3.49176971174759	93608	0.0192004151530877
catGImilit	3.43354147840869	73928	0.00497512437810945
catGIfetch	3.22818531472407	94559	0.01985559566787
catGIhostile	3.20357368667674	95875	0.0878048780487805
TAG_Conjunction_Infinitive	3.17723042008261	94373	0.0130548302872063
TAG_Preposition	3.15270092318432	95820	0.0906432748538012
catGIfail	2.95325685933798	89955	0.0106382978723404
TAG_Pronoun_Copula_Adverb	2.91946001061726	24571	0
catGInegativ	2.78479654955099	95889	0.128386716820548
TAG_PresentTense	2.77013911346869	93869	0.0115830115830116
catGIabs@	2.75680025020825	95428	0.0338266384778013
catGIperceiv	2.66221753421437	95525	0.033020561026155
TAG_Gerund_PastTense_Preposition	2.64028992495411	14724	0
catGIiav	2.63859390060554	95898	0.358247422680412
catGIwltoth	2.56879294398117	94582	0.0275229357798165
TAG_Determiner_Plural_Preposition	2.53638761063131	53801	0.000892857142857143
TAG_Singular_Preposition_Pronoun	2.52429922093582	25670	0
TAG_Negative_Adjective	2.51546110880565	24042	0
TAG_Singular_Pronoun	2.36001285796714	49613	0.000583260475385353
catGIvice	2.20659258819697	95592	0.0392156862745098
catGIsocrel	2.19402083899955	95880	0.127167630057803
TAG_Singular_Adverb	2.03845775041782	58872	0.00115074798619102
catGIpowloss	2.03181937679092	91716	0.0137081146014593
TAG_Singular_Preposition	2.00758349109992	95446	0.0198675496688742
catGIsky	1.75590630934764	40463	0
catGIwlbtot	1.64230351949412	95737	0.0476960609990796
TAG_Plural_Conjunction	1.6334479851969	85743	0.00480769230769231
catGIour	1.52839003959061	88061	0.0155375069759276
catGIactive	1.46986000716901	95896	0.335907335907336
catGIfinish	1.41368232306058	93108	0.015625
TAG_Null	1.18833343630967	95900	0.116724738675958
catGIsubmit	1.15093588973398	95741	0.0461538461538462
TAG_Auxiliary_Gerund_Determiner	1.06450011790337	33001	0
meanWordLength	0.92153455196675	95900	4.38285502794623
catGIpolit@	0.888590334814939	94621	0.0432900432900433
catGIland	0.873606197826863	74342	0.00454959053685168
TAG_Null_Determiner_PastTense	0.85286221320595	18565	0
TAG_Value_Singular	0.576698426190314	67548	0.00185185185185185
TAG_Adverb_Null	0.269587532607131	76935	0.0028328611898017
catGItimespc	0.0933639333450845	95891	0.180929095354523
catGItime@	0.0682185877525718	95873	0.0868421052631579
catGIintrj	0.00465666812485178	94014	0.0210151272874946
sentences	-0.00906608315702931	95900	30
TAG_Pronoun_Copula_Determiner	-0.0317235702168326	28916	0
totalGI	-0.0399555493443928	95900	0.61121157323689
TAG_Noun	-0.047323843761851	95777	0.0259005452072414
TAG_Auxiliary_Auxiliary_PastTense	-0.12666252166812	68570	0.00182815356489945
TAG_PresentTense_ProperNoun	-0.20925601868792	21720	0
TAG_Value_Adjective	-0.217419147491969	32626	0
TAG_Infinitive	-0.249311687810642	95836	0.0415778251599147
TAG_PresentTense_Preposition	-0.250904713085649	64852	0.00159235668789809
TAG_Null_Determiner_Singular	-0.29942170100328	65806	0.0017472335468841
TAG_Noun_Singular_Preposition	-0.3322731553962	36131	0
TAG_Singular_Singular	-0.345799732377343	90660	0.00774542362216185
catGIecon@	-0.366752330007322	95679	0.05
catGIpowtot	-0.403060134802761	95898	0.20440251572327
catGIrcethic	-0.502527889901918	95387	0.0298507462686567
catGIenlpt	-0.587207491523696	80072	0.00701098425764507
wordscased	-0.729896081606213	95900	0.826923076923077
TAG_Singular_Null_Null	-0.818537739702966	14641	0
catGIexch	-0.901804338798156	85315	0.00822368421052632
TAG_QuestionWord_Pronoun	-0.927733579176241	59663	0.0012853470437018
catGIemot	-0.99355571597462	93388	0.0173913043478261
catGIecon	-1.02284761351558	95825	0.104370643734509
catGIindadj	-1.07196201650079	94156	0.0196078431372549
catGIeval	-1.12213648038158	95335	0.0300147201765559
catGIincreas	-1.17272850526359	91595	0.014218009478673
TAG_Preposition_Conjunction	-1.19407459733742	40917	0
TAG_Plural_PastTense_Null	-1.24856809204862	15953	0
catGIpassive	-1.28555462160035	95875	0.166015625
TAG_Conjunction_Plural	-1.36672959588931	68946	0.00194552529182879
TAG_Plural_ProperNoun	-1.36709819501982	52687	0.00075187969924812
catGIpower	-1.41909946580197	95888	0.155339805825243
TAG_Singular_Singular_Null	-1.43362734996243	72115	0.00224719101123596
TAG_Null_ProperNoun	-1.58806089798244	92018	0.0111731843575419
TAG_Noun_Null	-1.60826815589966	89012	0.00583657587548638
catGIaffoth	-1.61863149640433	82792	0.00746268656716418
TAG_Infinitive_Possessive_Singular	-1.63320953990441	32754	0
TAG_Singular_PresentTense	-1.64691065006518	68959	0.00195694716242661
TAG_Null_ProperNoun_PresentTense	-1.84738457387288	16154	0
TAG_ProperNoun_Null	-1.91191181560388	94632	0.0202429149797571
catGIwltpt	-1.97892626465808	69136	0.00401606425702811
TAG_PastTense_Preposition_Value	-2.00060043584571	22834	0
TAG_Comparative_Plural	-2.07200337651987	11153	0
TAG_ProperNoun_PresentTense_Preposition	-2.13280217733991	11965	0
catGIspace	-2.29777998271936	95865	0.116914011102264
catGIaffil	-2.37012928876319	95887	0.0957642725598527
<INTERCEPT>	-2.51011245758971	95900	1
catGIlegal	-2.83002325199246	94732	0.0257731958762887
catGIpain	-2.83256918304892	86555	0.00858369098712446
TAG_Singular_Infinitive	-2.84100644331583	65222	0.00165543339195307
TAG_Copula_Adjective	-2.85387454134295	62752	0.0014265335235378
catGIbldgpt	-2.95974565835581	56826	0.002
catGImeans	-2.98350763065641	95867	0.106471816283925
TAG_Verb_Pronoun	-3.02804185361178	16373	0
TAG_Plural_Null_Gerund	-3.17687397782006	30758	0
catGIyou	-3.31407224700447	70304	0.00537634408602151
TAG_ProperNoun_Determiner_Value	-3.39493430617338	3657	0
TAG_Auxiliary	-3.4238277575142	95588	0.0274725274725275
TAG_Pronoun_Null	-3.44695531620863	64566	0.00172413793103448
TAG_Adjective_Conjunction	-3.58761299573398	74490	0.0024390243902439
catGIrelig	-3.61810923032244	51563	0.00131449241931401
TAG_Preposition_ProperNoun_Null	-3.95532062962625	77233	0.00309597523219814
catGIpositiv	-4.08284477052656	95893	0.140443505807814
catGIipadj	-4.16004201163031	50828	0.00114810562571757
TAG_Preposition_Value	-4.32707517331994	74979	0.00297619047619048
TAG_ProperNoun_ProperNoun_Null	-4.43489353709484	89901	0.00775193798449612
catGItravel	-4.45085865460001	95751	0.0460234727380727
catGIpowcon	-4.51726645854566	93767	0.0216547971312503
TAG_Gerund_Null_Determiner	-4.64903365882754	8910	0
TAG_Singular_Singular_Infinitive	-4.72853763468329	13639	0
TAG_Copula_Determiner_Singular	-4.82078649312718	44207	0
TAG_Copula_Determiner	-4.88046728847945	77687	0.00285714285714286
TAG_Null_Determiner_Value	-4.92287239366102	12301	0
catGInumb	-5.46722018108242	93656	0.0189740044807218
catGIngtv	-5.48930289357987	95875	0.0958333333333333
TAG_Adjective_Determiner	-5.56611855985578	70229	0.00197433366238894
TAG_?_Value	-5.58674450984904	5808	0
TAG_Singular_Null_Determiner	-5.81551609720631	59785	0.00127904503787238
TAG_Negative	-6.27314420850014	83998	0.00434153400868307
TAG_Value_Plural	-6.39877386592753	76941	0.00301204819277108
TAG_Pronoun_Infinitive_Determiner	-6.47773992218403	40163	0
TAG_Value_Plural_Null	-6.6358572979446	43472	0
catGIexprsv	-6.76251738500425	91563	0.0153846153846154
catGIsocial	-6.77196823162603	92987	0.0180995475113122
catGIcom	-6.97712994471953	95893	0.0935875216637782
TAG_Preposition_Comparable	-7.01424335928032	56887	0.00107066381156317
catGIgoal	-7.1162090740081	88749	0.0102040816326531
catGIwlttran	-7.44098205702901	64888	0.00319488817891374
catGIritual	-7.45473679610263	94368	0.0231660231660232
TAG_Possessive_Value	-7.77578154678473	25738	0
TAG_ProperNoun_ProperNoun_Auxiliary	-8.2908559961602	44650	0
TAG_Pronoun_Verb	-8.29628511964178	52039	0.00078740157480315
TAG_Singular_Copula	-8.54516108903193	77880	0.00290697674418605
TAG_Conjunction	-8.63234128297135	95799	0.0570469798657718
TAG_Preposition_Value_Singular	-8.85022655355949	22800	0
TAG_Plural_Preposition_Adjective	-9.17726331905645	33625	0
TAG_Plural_Determiner_Singular	-9.18083434848454	19793	0
TAG_Auxiliary_Gerund_Conjunction	-9.30343846251338	36334	0
TAG_Singular_Preposition_ProperNoun	-9.31579407262119	73200	0.00251889168765743
TAG_ProperNoun_Conjunction_ProperNoun	-9.33918184402354	56216	0.00108342361863489
TAG_Adverb_Infinitive_Determiner	-9.38142541903757	19740	0
TAG_ProperNoun_Preposition_Value	-9.56652667203861	19247	0
TAG_Determiner_Comparative	-9.60726651240937	23868	0
TAG_Determiner_?	-9.87929746850953	24185	0
TAG_Null_Determiner_Comparable	-10.0134325652986	19710	0
catGIought	-10.0615679577345	73618	0.00427350427350427
TAG_Null_PastTense_Preposition	-10.0735119246913	27724	0
TAG_ProperNoun_Plural	-10.1140927265288	79702	0.00323974082073434
catGIskloth	-10.1676211255851	93331	0.0178117048346056
TAG_Determiner_Singular_Null	-10.3360026873165	89700	0.00596816976127321
TAG_Null_Comparative	-10.4370439429333	6863	0
TAG_Preposition_PastTense	-10.9602872506796	35879	0
TAG_Null_Determiner	-10.9683587618673	90348	0.0074111979695219
TAG_Noun_Singular_Null	-11.0406963498306	42643	0
TAG_Possessive_Plural	-11.0570778006097	71995	0.00225733634311512
catGIsklpt	-11.1019550776133	69416	0.0037593984962406
catGIfall	-11.2137801114845	61945	0.00252525252525253
catGIneed	-11.3933370729185	95384	0.0298769771528998
TAG_Singular_Null_Gerund	-11.5734725082663	38835	0
catGIrsploss	-11.9974903875745	74966	0.00413546606037352
TAG_Preposition_Infinitive	-12.0189176746812	53827	0.00089126559714795
TAG_Value_Null_QuestionWord	-12.166252489633	6021	0
catGIif	-12.8804265829259	95591	0.0405405405405405
catGIord	-13.0395499669548	81733	0.00599700149925037
TAG_Null_Pronoun_PastTense	-13.0455530003601	49317	0.000593824228028504
TAG_Preposition_Comparable_Null	-13.2745605818695	16719	0
TAG_Null_Preposition_Singular	-13.2899243004566	28879	0
TAG_Preposition_Value_Preposition	-13.3640234565224	21671	0
TAG_Null_QuestionWord	-13.5473688052635	52228	0.000836820083682008
TAG_Null_Adverb_Preposition	-13.8934738150564	25318	0
TAG_Plural_Preposition_Adverb	-13.9222643990413	12485	0
catGIrcgain	-13.94577440628	84117	0.00678733031674208
TAG_Singular_Plural	-13.9854797085626	81967	0.00412371134020619
TAG_Plural_Null_Singular	-14.4661850175872	25967	0
TAG_Infinitive_Preposition_Value	-14.4898496593556	12077	0
TAG_Null_ProperNoun_Conjunction	-14.5132299475702	26670	0
TAG_Preposition_Plural	-14.625524582579	82717	0.00401606425702811
TAG_Null_Pronoun	-15.0695642146163	85236	0.00561797752808989
catGInegate	-15.1242772535173	92734	0.0152777777777778
TAG_ProperNoun_Null_Possessive	-15.3193839454084	16982	0
TAG_PastTense_Null	-16.0738959256678	82128	0.00404312668463612
TAG_Determiner_Adjective_Value	-16.0786184837629	21911	0
TAG_Adjective_Null_Singular	-16.3618107627458	22794	0
TAG_Conjunction_Singular_Plural	-16.508840813913	28982	0
TAG_Conjunction_Determiner_Copula	-16.6290324385691	8222	0
TAG_Conjunction_ProperNoun_ProperNoun	-16.8405571256083	54287	0.000943544605815285
TAG_ProperNoun_Singular	-17.3250150172394	78742	0.00342661336379212
TAG_Value_Singular_Preposition	-17.325778061798	31275	0
TAG_Null_Gerund	-17.4253359157624	72213	0.0023094688221709
TAG_Singular_Conjunction_Singular	-18.0408641329189	60263	0.00126742712294043
TAG_Conjunction_Value_Null	-18.7695610317941	11672	0
TAG_Auxiliary_Negative	-18.8723699919403	47104	0
catGIcompare	-19.2621589668784	89241	0.010752688172043
TAG_Preposition_Gerund	-19.2870799962669	78469	0.00289296046287367
catGIroute	-19.7006039257207	60002	0.00220264317180617
TAG_Null_Singular_Preposition	-19.8808787572676	30233	0
TAG_Comparable_Null	-20.2291871400821	68277	0.00199600798403194
TAG_Determiner_Comparable_Null	-21.4789726637405	22333	0
catGItime	-21.6169605229359	95049	0.0284090909090909
TAG_ProperNoun_Null_Noun	-21.753717125848	37263	0
TAG_Infinitive_Null	-21.921258310122	84186	0.00432900432900433
TAG_Pronoun_Auxiliary_PastTense	-22.3885055689215	48249	0.000360057614403964
TAG_Plural_Infinitive	-22.50089824024	61524	0.00144581803951965
TAG_Preposition_Determiner_Value	-22.5973302610076	43061	0
TAG_Null_Possessive_Singular	-22.6846191065296	24488	0
TAG_Plural_Preposition_ProperNoun	-22.8365213746057	58066	0.00114942528735632
TAG_Singular_Determiner_Comparable	-22.8717013744614	10019	0
catGIsay	-22.9036405534226	82311	0.00909090909090909
TAG_Null_Singular_Infinitive	-23.0169061337237	13117	0
TAG_Null_Singular_ProperNoun	-23.5995503833472	16593	0
TAG_QuestionWord	-24.0808808202296	90044	0.00647948164146868
TAG_Comparable_Null_Noun	-24.2000210162184	16093	0
TAG_Value_Null_Singular	-24.2152120331093	20385	0
TAG_Plural_Null_ProperNoun	-24.2584772024055	37994	0
TAG_Preposition_Determiner_Possessive	-24.8629461485008	29921	0
catGIsklasth	-25.0561871902328	35638	0
TAG_QuestionWord_ProperNoun	-25.2996145944153	28948	0
TAG_?_Adjective_Noun	-25.4130215608572	4626	0
TAG_Plural_Preposition_Value	-26.31023102591	17332	0
TAG_Determiner_?_Adjective	-26.4061304026531	6777	0
TAG_Null_Gerund_Preposition	-26.4345379797204	16715	0
TAG_Preposition_ProperNoun_Uncountable	-26.6174280065505	15020	0
TAG_Plural_Null_Determiner	-26.6738498852783	39813	0
TAG_ProperNoun_QuestionWord_Pronoun	-26.7638399681253	5966	0
TAG_Infinitive_Plural	-26.8649235636588	53644	0.000904977375565611
TAG_Comparative	-27.448931784914	61472	0.00147814694291186
TAG_ProperNoun_Null_PastTense	-27.5576990287781	31440	0
TAG_Singular_Singular_ProperNoun	-27.5586337616691	15674	0
TAG_Preposition_ProperNoun_ProperNoun	-27.8544860956791	76015	0.0028735632183908
TAG_Null_Preposition_PresentTense	-28.2786763267715	13125	0
TAG_Null_Singular_PresentTense	-28.3368024855987	10814	0
TAG_Null_Pronoun_Infinitive	-28.7640628743886	41688	0
TAG_Null_Preposition_PastTense	-28.7699774042618	15928	0
TAG_Plural_Null_Adverb	-28.7787282273295	25591	0
TAG_PastTense_ProperNoun	-29.4236907780105	58818	0.00130222464908473
TAG_Null_Adverb	-29.565693102848	72240	0.00229357798165138
TAG_ProperNoun_Null_Null	-30.3272461852184	13945	0
TAG_Singular_Preposition_Comparable	-30.6771578625469	23846	0
TAG_Infinitive_Preposition_Singular	-31.4825789303237	31928	0
TAG_Conjunction_Pronoun	-31.9360606253457	78268	0.00318809776833156
TAG_Comparative_Null	-31.9598120085796	28319	0
TAG_Gerund_Conjunction_Infinitive	-32.0699959050372	42655	0
TAG_ProperNoun_ProperNoun_Singular	-32.1106133409092	41875	0
TAG_Null_Gerund_ProperNoun	-32.2765715311441	9281	0
TAG_Singular_Null_Plural	-32.4148652994075	27459	0
TAG_Preposition_Singular_ProperNoun	-32.6556859013449	10509	0
TAG_Conjunction_ProperNoun	-32.7280709292252	80543	0.00363800485856775
TAG_Copula_Value_Null	-33.1735288073984	4033	0
TAG_Null_Singular_Singular	-33.2309646197116	41129	0
TAG_PresentTense_Plural	-34.5190216691664	16359	0
TAG_Value_Null_PastTense	-34.5629448165741	7603	0
TAG_Null_Plural_Preposition	-34.7656948240713	21305	0
TAG_Adverb_Null_PastTense	-35.6112441070451	10064	0
TAG_ProperNoun_Possessive	-35.6230515420465	46800	0
TAG_ProperNoun_Null_ProperNoun	-36.7078224051286	79763	0.00398406374501992
TAG_Noun_Null_Noun	-37.4705711803716	26779	0
TAG_ProperNoun_PresentTense	-37.5136845514964	54781	0.000970873786407767
TAG_Infinitive_PresentTense	-37.5882062102737	22242	0
TAG_Verb_Plural_Auxiliary	-37.6645719253874	3476	0
TAG_Preposition_Possessive_Value	-37.7695445102455	12056	0
TAG_Infinitive_Preposition_Comparable	-38.8268231731527	9826	0
TAG_Null_Preposition_Value	-39.1873424889239	14763	0
TAG_Adjective_Plural_Copula	-39.195653576834	14082	0
TAG_Comparable_Null_Singular	-39.24586987515	22654	0
TAG_Null_Possessive	-39.2838867612395	49925	0.000647458792360447
TAG_Null_PastTense_Singular	-39.7493890858598	14307	0
TAG_ProperNoun_Plural_Preposition	-40.2135099097418	27711	0
TAG_Singular_Null_Noun	-40.291696242274	39895	0
TAG_Null_Conjunction_Null	-40.8736253749641	30677	0
TAG_ProperNoun_Uncountable_Null	-41.1049691171404	18073	0
TAG_Preposition_Value_Null	-41.1388098388141	39846	0
TAG_Conjunction_Determiner_Determiner	-41.2219925966586	8648	0
TAG_Value_PresentTense	-41.3099587846726	8550	0
TAG_Null_Noun_Singular	-42.3314358675523	30426	0
TAG_Null_ProperNoun_Determiner	-43.0030831866866	16716	0
TAG_Plural_Singular_Plural	-43.1550143736182	5618	0
TAG_Null_Pronoun_PresentTense	-43.2188589806801	19300	0
TAG_Null_Plural_Conjunction	-43.6639288312376	20208	0
TAG_PastTense_Singular_Singular	-44.2743392450349	13826	0
TAG_Superlative	-44.6505088551707	44102	0
TAG_Null_Value_Preposition	-45.3270984847843	15319	0
TAG_Determiner_Possessive	-45.4679779402878	57981	0.00116550116550117
TAG_Null_Plural_Infinitive	-45.5685879089341	10436	0
TAG_Conjunction_Comparable_Null	-47.4984405176528	14047	0
TAG_ProperNoun_ProperNoun_Conjunction	-48.4601474346917	55708	0.0010230179028133
TAG_ProperNoun_ProperNoun_Preposition	-48.8837043649578	65293	0.00169491525423729
TAG_Determiner_Preposition_Plural	-49.4759278963796	5466	0
TAG_Superlative_Null	-49.7320905480487	6285	0
TAG_Value_Null_Gerund	-50.3984561950237	3175	0
TAG_Adjective_Null_ProperNoun	-51.5911249350258	20538	0
TAG_Noun_Null_ProperNoun	-52.9080440926019	26770	0
TAG_ProperNoun_Null_Preposition	-53.1360009283134	40529	0
TAG_Null_Preposition_Null	-54.1076709782671	14458	0
TAG_Preposition_Determiner_?	-55.6870330362458	10881	0
TAG_?_Adjective_Adjective	-55.9316617001366	4284	0
TAG_Verb_Plural	-56.5777569768507	18568	0
TAG_Determiner_Value_Null	-56.6501294185308	19465	0
TAG_Uncountable_Null_ProperNoun	-56.9557056662358	10963	0
TAG_ProperNoun_Null_PresentTense	-58.1157627647308	10455	0
TAG_Determiner_Possessive_Adjective	-58.5304518174481	10185	0
TAG_Infinitive_Null_Preposition	-59.5439129219215	15305	0
TAG_ProperNoun_Null_Copula	-60.8023752704304	12113	0
TAG_Conjunction_Plural_Singular	-61.6348876980881	6781	0
TAG_ProperNoun_Null_Value	-62.0296973801319	24712	0
TAG_Singular_Null_ProperNoun	-63.9161358380973	59698	0.00131752305665349
TAG_Null_Determiner_Infinitive	-66.5078340783456	8967	0
TAG_Null_Singular_Plural	-67.791997163273	31503	0
TAG_Null_Adverb_PastTense	-69.146905762817	16230	0
TAG_ProperNoun_Uncountable_ProperNoun	-69.2219701805427	18348	0
TAG_Noun_Plural_Null	-69.9093560576134	27673	0
TAG_PastTense_Pronoun_PastTense	-70.214078095535	10002	0
TAG_ProperNoun_Null_Singular	-71.2064310148188	36222	0
TAG_Copula_Plural_Preposition	-73.5488206954924	9141	0
TAG_ProperNoun_Null_Adjective	-81.6915447341579	16614	0
TAG_Null_Noun_Infinitive	-83.8664462712945	9288	0
TAG_Singular_Conjunction_Comparative	-84.9903967099369	4137	0
TAG_Adverb_Preposition_Value	-86.6012796975747	22494	0
TAG_Singular_Infinitive_Singular	-88.9790820026995	9140	0
TAG_ProperNoun_Null_Determiner	-89.4033262687394	61997	0.00158940408504217
TAG_Null_Gerund_Conjunction	-89.8887547024568	27803	0
TAG_?_Adjective	-89.99373695284	15870	0
TAG_Null_Singular_Conjunction	-90.8853457826557	25943	0
TAG_Comparable_Null_Preposition	-92.2231106542473	8985	0
TAG_Uncountable_ProperNoun_ProperNoun	-92.3470541583756	11555	0
TAG_ProperNoun_ProperNoun_PresentTense	-93.3943210422054	30462	0
TAG_Preposition_Null_ProperNoun	-97.7074374020274	18308	0
TAG_Value_Preposition_Value	-100.479560896077	8615	0
TAG_Null_Adverb_Null	-103.697837047652	24206	0
TAG_Null_PresentTense_ProperNoun	-104.178372338646	6416	0
TAG_Preposition_Adverb_Preposition	-104.223788381034	12900	0
TAG_Null_Determiner_Preposition	-104.383208673194	11222	0
TAG_ProperNoun_PresentTense_Singular	-113.481894056608	4213	0
TAG_Null_PresentTense_Preposition	-115.882085026715	5994	0
TAG_Conjunction_Comparable_Conjunction	-116.83174147441	6536	0
TAG_PresentTense_Conjunction_Plural	-121.798388375534	11527	0
TAG_Possessive_Value_Null	-132.295907200569	3514	0
TAG_Singular_Auxiliary_Adjective	-133.482060750927	3751	0
TAG_Preposition_Adverb_Null	-137.770726328467	13450	0
TAG_Pronoun_PresentTense_Null	-138.760189497834	13111	0
TAG_ProperNoun_Null_QuestionWord	-139.385963995233	18818	0
TAG_Verb_Null_Uncountable	-152.370191552126	2365	0
TAG_Preposition_PastTense_Conjunction	-165.067186867649	7447	0
TAG_PastTense_Conjunction_Comparable	-170.592150682289	7293	0
TAG_Infinitive_Auxiliary_Infinitive	-183.146828117069	5911	0
TAG_Auxiliary_Verb_PastTense	-187.686342339346	856	0
TAG_Plural_Copula_Plural	-243.982829965034	5398	0
TAG_PastTense_Null_Infinitive	-251.166814323048	3099	0
TAG_Null_Uncountable_Uncountable	-253.029438068945	2510	0
TAG_Infinitive_Infinitive_PastTense	-291.477902891191	1287	0
TAG_?_Preposition_Adverb	-305.899283756405	790	0
TAG_PastTense_ProperNoun_Uncountable	-310.576131117514	4837	0
TAG_Infinitive_Gerund_Determiner	-314.534373555029	8091	0
TAG_Infinitive_Infinitive_Comparable	-320.97209619959	956	0
TAG_Verb_Singular_Adverb	-329.246845770726	3084	0
TAG_Null_Uncountable_Pronoun	-340.440554004989	2621	0
TAG_Uncountable_Null_?	-667.285062779267	1153	0
TAG_?_Infinitive_Adjective	-894.117371640105	990	0
TAG_ProperNoun_Preposition_?	-982.658784566833	6659	0
TAG_Particle_Pronoun_Infinitive	-1813.46258401046	874	0
TAG_Uncountable_Pronoun_Comparable	-2399.69624000561	2145	0
TAG_?_Value_Noun	-3057.75998005133	702	0
